id,slug,nom,prix,description,categorie,restaurant_id,calories,temps_preparation_min,vegetarien,vegan,epice,allergenes,disponible,image,created_at
1,burger-classic,Burger Classic,12.9,"Pain brioché grillé, steak haché 180g, cheddar fondant, salade croquante, tomates fraîches et notre sauce maison. Servi avec frites croustillantes.",Pâtes,101,425,17,false,false,false,,true,https://images.unsplash.com/photo-1519708227418-c8fd9a32b7a2?crop=entropy&cs=tinysrgb&fit=max&fm=jpg&ixid=M3w4MTM5MDN8MHwxfHNlYXJjaHwxfHxtZWFsfGVufDB8fHx8MTc1OTk0NTkwNHww&ixlib=rb-4.1.0&q=80&w=1080,2025-10-12 10:52:05.465853+00
2,pizza-margherita,Pizza Margherita,11.5,"Base sauce tomate maison, mozzarella di bufala crémeuse, basilic frais et huile d'olive extra vierge. Pâte fine cuite au four à pierre.",Plat principal,110,759,21,true,false,false,,true,https://images.unsplash.com/photo-1564436872-f6d81182df12?crop=entropy&cs=tinysrgb&fit=max&fm=jpg&ixid=M3w4MTM5MDN8MHwxfHNlYXJjaHwyfHxtZWFsfGVufDB8fHx8MTc1OTk0NTkwNHww&ixlib=rb-4.1.0&q=80&w=1080,2025-10-12 10:52:05.465853+00
3,salade-cesar-rousse,Salade César Rousse,13.9,"Cœur de romaine croquante, poulet rôti émincé, copeaux de parmesan, croûtons dorés à l'ail et sauce César crémeuse préparée minute.",Boisson,90,518,21,false,false,true,Crustacés;Moutarde,true,https://images.unsplash.com/photo-1484980972926-edee96e0960d?crop=entropy&cs=tinysrgb&fit=max&fm=jpg&ixid=M3w4MTM5MDN8MHwxfHNlYXJjaHwzfHxtZWFsfGVufDB8fHx8MTc1OTk0NTkwNHww&ixlib=rb-4.1.0&q=80&w=1080,2025-10-12 10:52:05.465853+00
4,sushi-mix-classique,Sushi Mix Classique,18.5,"Assortiment de 12 pièces : 6 makis saumon avocat, 3 california rolls et 3 nigiris (saumon, thon, daurade). Servi avec sauce soja, gingembre et wasabi.",Salade,110,400,18,true,false,false,Gluten;Lactose,true,https://images.unsplash.com/photo-1490645935967-10de6ba17061?crop=entropy&cs=tinysrgb&fit=max&fm=jpg&ixid=M3w4MTM5MDN8MHwxfHNlYXJjaHw0fHxtZWFsfGVufDB8fHx8MTc1OTk0NTkwNHww&ixlib=rb-4.1.0&q=80&w=1080,2025-10-12 10:52:05.465853+00
5,pates-carbonara,Pâtes Carbonara,14.9,"Spaghetti al dente, pancetta croustillante, jaunes d'œufs crémeux, pecorino romano et poivre noir du moulin. Recette romaine authentique.",Boisson,115,478,10,false,false,false,Sésame;Moutarde,true,https://images.unsplash.com/photo-1592417817038-d13fd7342605?crop=entropy&cs=tinysrgb&fit=max&fm=jpg&ixid=M3w4MTM5MDN8MHwxfHNlYXJjaHw1fHxtZWFsfGVufDB8fHx8MTc1OTk0NTkwNHww&ixlib=rb-4.1.0&q=80&w=1080,2025-10-12 10:52:05.465853+00
6,tacos-poulet,Tacos Poulet,9.9,"Galette de blé garnie de poulet mariné, frites, cheddar fondu, sauce algérienne et sauce blanche. Le tout gratiné à la plancha.",Entrée,108,628,21,false,false,false,Œufs;Gluten,true,https://images.unsplash.com/photo-1574484284002-952d92456975?crop=entropy&cs=tinysrgb&fit=max&fm=jpg&ixid=M3w4MTM5MDN8MHwxfHNlYXJjaHw2fHxtZWFsfGVufDB8fHx8MTc1OTk0NTkwNHww&ixlib=rb-4.1.0&q=80&w=1080,2025-10-12 10:52:05.465853+00
7,entrecote-grillee,Entrecôte Grillée,24.9,"Entrecôte maturée 300g, grillée à la perfection, accompagnée de frites maison et salade verte. Choix de sauce : poivre, béarnaise ou maître d'hôtel.",Accompagnement,114,367,23,false,false,false,,true,https://images.unsplash.com/photo-1600335895229-6e75511892c8?crop=entropy&cs=tinysrgb&fit=max&fm=jpg&ixid=M3w4MTM5MDN8MHwxfHNlYXJjaHw3fHxtZWFsfGVufDB8fHx8MTc1OTk0NTkwNHww&ixlib=rb-4.1.0&q=80&w=1080,2025-10-12 10:52:05.465853+00
8,tartare-de-saumon,Tartare de Saumon,16.5,"Saumon frais coupé au couteau, assaisonné à l'aneth, huile d'olive, citron vert et échalotes. Servi avec toast de pain de campagne grillé.",Pâtes,94,758,12,false,false,false,Gluten;Lactose,true,https://images.unsplash.com/photo-1564671165093-20688ff1fffa?crop=entropy&cs=tinysrgb&fit=max&fm=jpg&ixid=M3w4MTM5MDN8MHwxfHNlYXJjaHw4fHxtZWFsfGVufDB8fHx8MTc1OTk0NTkwNHww&ixlib=rb-4.1.0&q=80&w=1080,2025-10-12 10:52:05.465853+00
9,ravioles-du-dauphine,Ravioles du Dauphiné,15.9,"Ravioles fraîches gratinées à la crème, parsemées de comté râpé et noisettes de beurre. Spécialité savoyarde réconfortante.",Plat principal,98,685,25,true,false,true,,true,https://images.unsplash.com/photo-1572424117831-005b5e9b3ae4?crop=entropy&cs=tinysrgb&fit=max&fm=jpg&ixid=M3w4MTM5MDN8MHwxfHNlYXJjaHw5fHxtZWFsfGVufDB8fHx8MTc1OTk0NTkwNHww&ixlib=rb-4.1.0&q=80&w=1080,2025-10-12 10:52:05.465853+00
10,burger-veggie,Burger Veggie,13.5,"Steak de légumes maison (quinoa, haricots rouges, épices), avocat frais, tomates, roquette et sauce curry-mangue. Pain complet aux graines.",Accompagnement,86,307,11,false,false,false,Œufs;Soja,true,https://images.unsplash.com/photo-1608835291093-394b0c943a75?crop=entropy&cs=tinysrgb&fit=max&fm=jpg&ixid=M3w4MTM5MDN8MHwxfHNlYXJjaHwxMHx8bWVhbHxlbnwwfHx8fDE3NTk5NDU5MDR8MA&ixlib=rb-4.1.0&q=80&w=1080,2025-10-12 10:52:05.465853+00
11,fish-chips,Fish & Chips,16.9,"Filet de cabillaud pané à la bière, frites épaisses croustillantes, purée de petits pois à la menthe et sauce tartare maison.",Plat principal,87,731,11,false,false,false,,false,https://images.unsplash.com/photo-1576867757603-05b134ebc379?crop=entropy&cs=tinysrgb&fit=max&fm=jpg&ixid=M3w4MTM5MDN8MHwxfHNlYXJjaHwxMXx8bWVhbHxlbnwwfHx8fDE3NTk5NDU5MDR8MA&ixlib=rb-4.1.0&q=80&w=1080,2025-10-12 10:52:05.465853+00
12,risotto-aux-champignons,Risotto aux Champignons,17.5,"Riz carnaroli crémeux, mélange de champignons de saison, parmesan reggiano, beurre et persil plat. Texture onctueuse garantie.",Burger,81,248,16,false,false,false,Gluten,true,https://images.unsplash.com/photo-1523218345414-cd47aea19ba6?crop=entropy&cs=tinysrgb&fit=max&fm=jpg&ixid=M3w4MTM5MDN8MHwxfHNlYXJjaHwxMnx8bWVhbHxlbnwwfHx8fDE3NTk5NDU5MDR8MA&ixlib=rb-4.1.0&q=80&w=1080,2025-10-12 10:52:05.465853+00
13,poulet-tikka-masala,Poulet Tikka Masala,15.9,"Morceaux de poulet marinés aux épices indiennes, sauce tomate crémeuse au curry, coriandre fraîche. Servi avec riz basmati parfumé et naan chaud.",Entrée,118,573,18,false,false,false,Soja;Gluten,true,https://images.unsplash.com/photo-1517244683847-7456b63c5969?crop=entropy&cs=tinysrgb&fit=max&fm=jpg&ixid=M3w4MTM5MDN8MHwxfHNlYXJjaHwxM3x8bWVhbHxlbnwwfHx8fDE3NTk5NDU5MDR8MA&ixlib=rb-4.1.0&q=80&w=1080,2025-10-12 10:52:05.465853+00
14,croque-monsieur,Croque-Monsieur,10.5,"Pain de mie grillé, jambon blanc de qualité, emmental fondu et béchamel gratinée au four. Accompagné de salade verte.",Salade,113,705,23,false,false,false,,true,https://images.unsplash.com/photo-1489391013510-49401c8a3b6c?crop=entropy&cs=tinysrgb&fit=max&fm=jpg&ixid=M3w4MTM5MDN8MHwxfHNlYXJjaHwxNHx8bWVhbHxlbnwwfHx8fDE3NTk5NDU5MDR8MA&ixlib=rb-4.1.0&q=80&w=1080,2025-10-12 10:52:05.465853+00
15,poke-bowl-saumon,Poke Bowl Saumon,14.9,"Riz vinaigré, saumon frais mariné, avocat, edamame, chou rouge, algues wakamé, graines de sésame et sauce soja-gingembre.",Burger,96,375,25,true,true,true,,true,https://images.unsplash.com/photo-1600289031464-74d374b64991?crop=entropy&cs=tinysrgb&fit=max&fm=jpg&ixid=M3w4MTM5MDN8MHwxfHNlYXJjaHwxNXx8bWVhbHxlbnwwfHx8fDE3NTk5NDU5MDR8MA&ixlib=rb-4.1.0&q=80&w=1080,2025-10-12 10:52:05.465853+00
16,lasagnes-bolognaise,Lasagnes Bolognaise,13.9,"Pâtes fraîches superposées, sauce bolognaise mitonnée 4h, béchamel onctueuse et parmesan gratinée. Recette familiale italienne.",Pizza,93,213,24,false,false,true,,true,https://images.unsplash.com/photo-1497888329096-51c27beff665?crop=entropy&cs=tinysrgb&fit=max&fm=jpg&ixid=M3w4MTM5MDN8MHwxfHNlYXJjaHwxNnx8bWVhbHxlbnwwfHx8fDE3NTk5NDU5MDR8MA&ixlib=rb-4.1.0&q=80&w=1080,2025-10-12 10:52:05.465853+00
17,pad-thai-crevettes,Pad Thaï Crevettes,16.5,"Nouilles de riz sautées au wok, crevettes roses, œuf, germes de soja, cacahuètes concassées, citron vert et sauce tamarin sucrée-salée.",Pizza,91,404,12,false,false,false,Poisson,true,https://images.unsplash.com/photo-1588166524941-3bf61a9c41db?crop=entropy&cs=tinysrgb&fit=max&fm=jpg&ixid=M3w4MTM5MDN8MHwxfHNlYXJjaHwxN3x8bWVhbHxlbnwwfHx8fDE3NTk5NDU5MDR8MA&ixlib=rb-4.1.0&q=80&w=1080,2025-10-12 10:52:05.465853+00
18,tartare-de-buf,Tartare de Bœuf,19.9,"Viande de bœuf charolais hachée au couteau, assaisonnée à la perfection, câpres, cornichons, échalotes et jaune d'œuf. Frites incluses.",Burger,98,589,10,false,false,true,Soja,true,https://images.unsplash.com/photo-1555126634-323283e090fa?crop=entropy&cs=tinysrgb&fit=max&fm=jpg&ixid=M3w4MTM5MDN8MHwxfHNlYXJjaHwxOHx8bWVhbHxlbnwwfHx8fDE3NTk5NDU5MDR8MA&ixlib=rb-4.1.0&q=80&w=1080,2025-10-12 10:52:05.465853+00
19,pizza-quatre-fromages,Pizza Quatre Fromages,13.9,"Base crème fraîche, mélange harmonieux de mozzarella, gorgonzola, chèvre et parmesan. Un voyage lacté pour les amateurs de fromage.",Plat principal,105,681,16,false,false,false,Soja;Fruits à coque,true,https://images.unsplash.com/photo-1547573854-74d2a71d0826?crop=entropy&cs=tinysrgb&fit=max&fm=jpg&ixid=M3w4MTM5MDN8MHwxfHNlYXJjaHwxOXx8bWVhbHxlbnwwfHx8fDE3NTk5NDU5MDR8MA&ixlib=rb-4.1.0&q=80&w=1080,2025-10-12 10:52:05.465853+00
20,bagel-saumon-fume,Bagel Saumon Fumé,11.9,"Bagel moelleux, saumon fumé norvégien, cream cheese aux herbes, oignons rouges, câpres et aneth frais. Parfait pour le brunch.",Entrée,106,663,28,false,false,false,,false,https://images.unsplash.com/photo-1611599537845-1c7aca0091c0?crop=entropy&cs=tinysrgb&fit=max&fm=jpg&ixid=M3w4MTM5MDN8MHwxfHNlYXJjaHwyMHx8bWVhbHxlbnwwfHx8fDE3NTk5NDU5MDR8MA&ixlib=rb-4.1.0&q=80&w=1080,2025-10-12 10:52:05.465853+00
21,couscous-royal,Couscous Royal,22.9,"Semoule fine vapeur, bouillon de légumes parfumé, merguez grillées, poulet, agneau, légumes confits et pois chiches. Harissa et sauce à part.",Boisson,107,527,15,true,true,true,Soja;Poisson,true,https://images.unsplash.com/photo-1494859802809-d069c3b71a8a?crop=entropy&cs=tinysrgb&fit=max&fm=jpg&ixid=M3w4MTM5MDN8MHwxfHNlYXJjaHwyMXx8bWVhbHxlbnwwfHx8fDE3NTk5NDU5MDR8MA&ixlib=rb-4.1.0&q=80&w=1080,2025-10-12 10:52:05.465853+00
22,buddha-bowl-vegetarien,Buddha Bowl Végétarien,13.5,"Quinoa, patate douce rôtie, avocat, falafels maison, houmous crémeux, chou kale, graines et sauce tahini au citron.",Burger,88,748,20,false,false,false,,true,https://images.unsplash.com/photo-1511690656952-34342bb7c2f2?crop=entropy&cs=tinysrgb&fit=max&fm=jpg&ixid=M3w4MTM5MDN8MHwxfHNlYXJjaHwyMnx8bWVhbHxlbnwwfHx8fDE3NTk5NDU5MDR8MA&ixlib=rb-4.1.0&q=80&w=1080,2025-10-12 10:52:05.465853+00
23,ramen-tonkotsu,Ramen Tonkotsu,16.9,"Bouillon de porc mijoté 12h, nouilles ramen fraîches, porc chashu fondant, œuf mollet mariné, nori, oignons verts et huile de sésame.",Accompagnement,81,563,19,false,false,false,,true,https://images.unsplash.com/photo-1598532213919-078e54dd1f40?crop=entropy&cs=tinysrgb&fit=max&fm=jpg&ixid=M3w4MTM5MDN8MHwxfHNlYXJjaHwyM3x8bWVhbHxlbnwwfHx8fDE3NTk5NDU5MDR8MA&ixlib=rb-4.1.0&q=80&w=1080,2025-10-12 10:52:05.465853+00
24,quiche-lorraine,Quiche Lorraine,12.5,"Pâte brisée pur beurre, appareil crémeux aux œufs, lardons fumés et emmental. Cuite au four et servie tiède avec salade verte.",Pâtes,83,379,16,false,false,true,Soja,true,https://images.unsplash.com/photo-1636475735446-bfc801fa6f2c?crop=entropy&cs=tinysrgb&fit=max&fm=jpg&ixid=M3w4MTM5MDN8MHwxfHNlYXJjaHwyNHx8bWVhbHxlbnwwfHx8fDE3NTk5NDU5MDR8MA&ixlib=rb-4.1.0&q=80&w=1080,2025-10-12 10:52:05.465853+00
25,burger-bacon,Burger Bacon,14.9,"Double steak 200g, bacon croustillant, cheddar, oignons caramélisés, cornichons et sauce BBQ fumée. Pain aux graines de sésame.",Burger,88,566,14,true,true,true,,true,https://images.unsplash.com/photo-1473093295043-cdd812d0e601?crop=entropy&cs=tinysrgb&fit=max&fm=jpg&ixid=M3w4MTM5MDN8MHwxfHNlYXJjaHwyNXx8bWVhbHxlbnwwfHx8fDE3NTk5NDU5MDR8MA&ixlib=rb-4.1.0&q=80&w=1080,2025-10-12 10:52:05.465853+00
26,planche-de-charcuterie,Planche de Charcuterie,18.5,"Sélection de charcuteries artisanales : jambon de pays, saucisson sec, rosette, pâté de campagne. Accompagnée de cornichons et pain de campagne.",Entrée,108,608,18,true,false,false,Gluten,true,https://images.unsplash.com/photo-1592417817098-8fd3d9eb14a5?crop=entropy&cs=tinysrgb&fit=max&fm=jpg&ixid=M3w4MTM5MDN8MHwxfHNlYXJjaHwyNnx8bWVhbHxlbnwwfHx8fDE3NTk5NDU5MDR8MA&ixlib=rb-4.1.0&q=80&w=1080,2025-10-12 10:52:05.465853+00
27,salade-nicoise,Salade Niçoise,14.5,"Thon blanc, œufs durs, tomates cerises, haricots verts, pommes de terre, olives noires, anchois et vinaigrette à l'huile d'olive.",Burger,99,611,18,true,false,false,Céleri,true,https://images.unsplash.com/photo-1556909114-a1d34f47412c?crop=entropy&cs=tinysrgb&fit=max&fm=jpg&ixid=M3w4MTM5MDN8MHwxfHNlYXJjaHwyN3x8bWVhbHxlbnwwfHx8fDE3NTk5NDU5MDR8MA&ixlib=rb-4.1.0&q=80&w=1080,2025-10-12 10:52:05.465853+00
28,saumon-teriyaki,Saumon Teriyaki,21.9,"Pavé de saumon grillé, sauce teriyaki sucrée-salée, riz japonais, légumes croquants sautés au wok et graines de sésame torréfiées.",Dessert,112,285,19,true,true,false,Poisson;Crustacés,true,https://images.unsplash.com/photo-1594998893017-36147cbcae05?crop=entropy&cs=tinysrgb&fit=max&fm=jpg&ixid=M3w4MTM5MDN8MHwxfHNlYXJjaHwyOHx8bWVhbHxlbnwwfHx8fDE3NTk5NDU5MDR8MA&ixlib=rb-4.1.0&q=80&w=1080,2025-10-12 10:52:05.465853+00
29,pizza-calzone,Pizza Calzone,14.5,"Pizza fermée farcie de jambon, mozzarella, champignons, ricotta crémeuse et sauce tomate. Gratinée au four jusqu'à obtenir une croûte dorée.",Entrée,119,538,13,false,false,true,Œufs,false,https://images.unsplash.com/photo-1533777857889-4be7c70b33f7?crop=entropy&cs=tinysrgb&fit=max&fm=jpg&ixid=M3w4MTM5MDN8MHwxfHNlYXJjaHwyOXx8bWVhbHxlbnwwfHx8fDE3NTk5NDU5MDR8MA&ixlib=rb-4.1.0&q=80&w=1080,2025-10-12 10:52:05.465853+00
30,wrap-poulet-cesar,Wrap Poulet César,10.9,"Tortilla de blé, poulet grillé mariné, salade romaine, parmesan, tomates et sauce césar onctueuse. Pratique et savoureux.",Dessert,83,299,12,false,false,false,Soja;Œufs,true,https://images.unsplash.com/photo-1516213335993-159eca2981af?crop=entropy&cs=tinysrgb&fit=max&fm=jpg&ixid=M3w4MTM5MDN8MHwxfHNlYXJjaHwzMHx8bWVhbHxlbnwwfHx8fDE3NTk5NDU5MDR8MA&ixlib=rb-4.1.0&q=80&w=1080,2025-10-12 10:52:05.465853+00
31,fondue-savoyarde,Fondue Savoyarde,19.9,"Mélange de fromages savoyards (beaufort, comté, abondance), vin blanc et kirsch. Servie avec pain de campagne, charcuterie et pommes de terre.",Entrée,106,598,11,true,false,false,Gluten;Lactose,true,https://images.unsplash.com/photo-1482049016688-2d3e1b311543?crop=entropy&cs=tinysrgb&fit=max&fm=jpg&ixid=M3w4MTM5MDN8MHwxfHNlYXJjaHwxfHxmb29kfGVufDB8fHx8MTc1OTk0NTkzOHww&ixlib=rb-4.1.0&q=80&w=1080,2025-10-12 10:52:05.465853+00
32,buf-bourguignon,Bœuf Bourguignon,18.9,"Joue de bœuf confite au vin rouge de Bourgogne, lardons, champignons, carottes et oignons grelots. Accompagné de tagliatelles fraîches.",Plat principal,99,247,14,false,false,true,Œufs;Soja,false,https://images.unsplash.com/photo-1546069901-ba9599a7e63c?crop=entropy&cs=tinysrgb&fit=max&fm=jpg&ixid=M3w4MTM5MDN8MHwxfHNlYXJjaHwyfHxmb29kfGVufDB8fHx8MTc1OTk0NTkzOHww&ixlib=rb-4.1.0&q=80&w=1080,2025-10-12 10:52:05.465853+00
33,gyoza-au-porc,Gyoza au Porc,8.9,"6 raviolis japonais farcis au porc et légumes, poêlés pour obtenir une base croustillante. Servis avec sauce soja-vinaigre.",Entrée,87,460,11,false,false,false,Poisson;Soja,true,https://images.unsplash.com/photo-1565299624946-b28f40a0ae38?crop=entropy&cs=tinysrgb&fit=max&fm=jpg&ixid=M3w4MTM5MDN8MHwxfHNlYXJjaHwzfHxmb29kfGVufDB8fHx8MTc1OTk0NTkzOHww&ixlib=rb-4.1.0&q=80&w=1080,2025-10-12 10:52:05.465853+00
34,pates-aux-fruits-de-mer,Pâtes aux Fruits de Mer,19.5,"Linguine, moules, palourdes, crevettes, calamars, ail, persil plat, vin blanc et tomates cerises. Saveurs méditerranéennes authentiques.",Accompagnement,87,255,22,false,false,false,Poisson;Œufs,true,https://images.unsplash.com/photo-1555939594-58d7cb561ad1?crop=entropy&cs=tinysrgb&fit=max&fm=jpg&ixid=M3w4MTM5MDN8MHwxfHNlYXJjaHw0fHxmb29kfGVufDB8fHx8MTc1OTk0NTkzOHww&ixlib=rb-4.1.0&q=80&w=1080,2025-10-12 10:52:05.465853+00
35,club-sandwich,Club Sandwich,12.9,"Triple étage de pain de mie toasté, poulet rôti, bacon, tomate, salade, œuf et mayonnaise. Servi avec frites et salade coleslaw.",Pizza,91,609,10,false,false,true,Soja;Crustacés,true,https://images.unsplash.com/photo-1504674900247-0877df9cc836?crop=entropy&cs=tinysrgb&fit=max&fm=jpg&ixid=M3w4MTM5MDN8MHwxfHNlYXJjaHw1fHxmb29kfGVufDB8fHx8MTc1OTk0NTkzOHww&ixlib=rb-4.1.0&q=80&w=1080,2025-10-12 10:52:05.465853+00
36,curry-vert-thai,Curry Vert Thaï,15.5,"Curry vert crémeux au lait de coco, poulet tendre, aubergines, bambou, basilic thaï et piment vert. Accompagné de riz jasmin parfumé.",Pizza,89,738,20,false,false,false,,true,https://images.unsplash.com/photo-1512621776951-a57141f2eefd?crop=entropy&cs=tinysrgb&fit=max&fm=jpg&ixid=M3w4MTM5MDN8MHwxfHNlYXJjaHw2fHxmb29kfGVufDB8fHx8MTc1OTk0NTkzOHww&ixlib=rb-4.1.0&q=80&w=1080,2025-10-12 10:52:05.465853+00
37,burger-fish,Burger Fish,13.9,"Filet de poisson pané croustillant, sauce tartare maison, salade iceberg, tomates fraîches et oignons rouges. Pain brioché légèrement grillé.",Boisson,100,411,10,false,false,false,Lactose,true,https://images.unsplash.com/photo-1511690656952-34342bb7c2f2?crop=entropy&cs=tinysrgb&fit=max&fm=jpg&ixid=M3w4MTM5MDN8MHwxfHNlYXJjaHw3fHxmb29kfGVufDB8fHx8MTc1OTk0NTkzOHww&ixlib=rb-4.1.0&q=80&w=1080,2025-10-12 10:52:05.465853+00
38,soupe-de-poisson,Soupe de Poisson,14.5,"Bouillon de poissons de roche, safran, tomates et fenouil. Servie avec rouille maison, croûtons aillés et gruyère râpé.",Dessert,106,651,25,false,false,true,Lactose,true,https://images.unsplash.com/photo-1473093295043-cdd812d0e601?crop=entropy&cs=tinysrgb&fit=max&fm=jpg&ixid=M3w4MTM5MDN8MHwxfHNlYXJjaHw4fHxmb29kfGVufDB8fHx8MTc1OTk0NTkzOHww&ixlib=rb-4.1.0&q=80&w=1080,2025-10-12 10:52:05.465853+00
39,pizza-reine,Pizza Reine,12.9,"Base sauce tomate, mozzarella, jambon blanc de qualité, champignons de Paris frais et olives noires. Classique indémodable.",Salade,96,348,18,true,true,true,Gluten;Lactose,true,https://images.unsplash.com/photo-1484723091739-30a097e8f929?crop=entropy&cs=tinysrgb&fit=max&fm=jpg&ixid=M3w4MTM5MDN8MHwxfHNlYXJjaHw5fHxmb29kfGVufDB8fHx8MTc1OTk0NTkzOHww&ixlib=rb-4.1.0&q=80&w=1080,2025-10-12 10:52:05.465853+00
40,poke-bowl-thon,Poke Bowl Thon,15.9,"Riz sushi, thon rouge mariné sauce soja-sésame, avocat, mangue, concombre, radis, edamame et sauce ponzu épicée.",Burger,86,214,10,false,false,false,Fruits à coque;Lactose,false,https://images.unsplash.com/photo-1498837167922-ddd27525d352?crop=entropy&cs=tinysrgb&fit=max&fm=jpg&ixid=M3w4MTM5MDN8MHwxfHNlYXJjaHwxMHx8Zm9vZHxlbnwwfHx8fDE3NTk5NDU5Mzh8MA&ixlib=rb-4.1.0&q=80&w=1080,2025-10-12 10:52:05.465853+00
41,chili-con-carne,Chili Con Carne,13.5,"Ragoût épicé de bœuf haché, haricots rouges, tomates, poivrons, oignons et épices tex-mex. Servi avec riz et crème fraîche.",Burger,107,745,22,true,false,true,Moutarde;Soja,true,https://images.unsplash.com/photo-1467003909585-2f8a72700288?crop=entropy&cs=tinysrgb&fit=max&fm=jpg&ixid=M3w4MTM5MDN8MHwxfHNlYXJjaHwxMXx8Zm9vZHxlbnwwfHx8fDE3NTk5NDU5Mzh8MA&ixlib=rb-4.1.0&q=80&w=1080,2025-10-12 10:52:05.465853+00
42,magret-de-canard,Magret de Canard,23.9,"Magret de canard rôti rosé, sauce aux cerises ou au miel, accompagné de gratin dauphinois crémeux et haricots verts.",Pizza,118,551,19,false,false,true,Crustacés;Poisson,true,https://images.unsplash.com/photo-1565958011703-44f9829ba187?crop=entropy&cs=tinysrgb&fit=max&fm=jpg&ixid=M3w4MTM5MDN8MHwxfHNlYXJjaHwxMnx8Zm9vZHxlbnwwfHx8fDE3NTk5NDU5Mzh8MA&ixlib=rb-4.1.0&q=80&w=1080,2025-10-12 10:52:05.465853+00
43,fajitas-poulet,Fajitas Poulet,16.5,"Tortillas chaudes, poulet mariné aux épices mexicaines, poivrons grillés, oignons caramélisés, guacamole, salsa et crème aigre.",Salade,102,546,26,false,false,false,Lactose;Œufs,true,https://images.unsplash.com/photo-1567620905732-2d1ec7ab7445?crop=entropy&cs=tinysrgb&fit=max&fm=jpg&ixid=M3w4MTM5MDN8MHwxfHNlYXJjaHwxM3x8Zm9vZHxlbnwwfHx8fDE3NTk5NDU5Mzh8MA&ixlib=rb-4.1.0&q=80&w=1080,2025-10-12 10:52:05.465853+00
44,salade-de-chevre-chaud,Salade de Chèvre Chaud,13.9,"Mesclun frais, toasts de chèvre gratinés, noix, tomates cerises, lardons croustillants et vinaigrette au miel.",Plat principal,120,640,13,true,true,false,,true,https://images.unsplash.com/photo-1504754524776-8f4f37790ca0?crop=entropy&cs=tinysrgb&fit=max&fm=jpg&ixid=M3w4MTM5MDN8MHwxfHNlYXJjaHwxNHx8Zm9vZHxlbnwwfHx8fDE3NTk5NDU5Mzh8MA&ixlib=rb-4.1.0&q=80&w=1080,2025-10-12 10:52:05.465853+00
45,bo-bun-buf,Bo Bun Bœuf,13.9,"Vermicelles de riz, bœuf mariné grillé, salade croquante, menthe fraîche, nems croustillants, cacahuètes et sauce nuoc-mâm sucrée.",Plat principal,81,572,16,false,false,true,Céleri;Lactose,true,https://images.unsplash.com/photo-1540189549336-e6e99c3679fe?crop=entropy&cs=tinysrgb&fit=max&fm=jpg&ixid=M3w4MTM5MDN8MHwxfHNlYXJjaHwxNXx8Zm9vZHxlbnwwfHx8fDE3NTk5NDU5Mzh8MA&ixlib=rb-4.1.0&q=80&w=1080,2025-10-12 10:52:05.465853+00
46,pizza-vegetarienne,Pizza Végétarienne,12.5,"Base sauce tomate, mozzarella, courgettes grillées, aubergines, poivrons rouges, tomates cerises, olives et basilic frais.",Salade,93,275,17,false,false,false,Crustacés,true,https://images.unsplash.com/photo-1484980972926-edee96e0960d?crop=entropy&cs=tinysrgb&fit=max&fm=jpg&ixid=M3w4MTM5MDN8MHwxfHNlYXJjaHwxNnx8Zm9vZHxlbnwwfHx8fDE3NTk5NDU5Mzh8MA&ixlib=rb-4.1.0&q=80&w=1080,2025-10-12 10:52:05.465853+00
47,parmentier-de-canard,Parmentier de Canard,17.9,"Confit de canard effiloché, purée de pommes de terre maison gratinée au four. Accompagné d'une salade verte aux noix.",Accompagnement,118,771,23,true,true,true,Œufs,true,https://images.unsplash.com/photo-1523049673857-eb18f1d7b578?crop=entropy&cs=tinysrgb&fit=max&fm=jpg&ixid=M3w4MTM5MDN8MHwxfHNlYXJjaHwxN3x8Zm9vZHxlbnwwfHx8fDE3NTk5NDU5Mzh8MA&ixlib=rb-4.1.0&q=80&w=1080,2025-10-12 10:52:05.465853+00
48,nems-au-porc,Nems au Porc,7.9,"5 nems vietnamiens croustillants farcis au porc, vermicelles et légumes. Servis avec salade fraîche et sauce nuoc-mâm pimentée.",Burger,92,497,19,true,true,false,,true,https://images.unsplash.com/photo-1606787366850-de6330128bfc?crop=entropy&cs=tinysrgb&fit=max&fm=jpg&ixid=M3w4MTM5MDN8MHwxfHNlYXJjaHwxOHx8Zm9vZHxlbnwwfHx8fDE3NTk5NDU5Mzh8MA&ixlib=rb-4.1.0&q=80&w=1080,2025-10-12 10:52:05.465853+00
49,blanquette-de-veau,Blanquette de Veau,19.5,"Tendron de veau mijoté, sauce crémeuse au citron, carottes, champignons de Paris et oignons perlés. Servi avec riz basmati.",Pâtes,83,664,23,true,false,true,Gluten,true,https://images.unsplash.com/photo-1497034825429-c343d7c6a68f?crop=entropy&cs=tinysrgb&fit=max&fm=jpg&ixid=M3w4MTM5MDN8MHwxfHNlYXJjaHwxOXx8Zm9vZHxlbnwwfHx8fDE3NTk5NDU5Mzh8MA&ixlib=rb-4.1.0&q=80&w=1080,2025-10-12 10:52:05.465853+00
50,burger-blue-cheese,Burger Blue Cheese,15.9,"Steak 180g, roquefort fondu, roquette, oignons confits au balsamique, poire caramélisée et sauce au miel. Pain aux noix.",Pâtes,101,291,27,false,false,true,Gluten,true,https://images.unsplash.com/photo-1432139555190-58524dae6a55?crop=entropy&cs=tinysrgb&fit=max&fm=jpg&ixid=M3w4MTM5MDN8MHwxfHNlYXJjaHwyMHx8Zm9vZHxlbnwwfHx8fDE3NTk5NDU5Mzh8MA&ixlib=rb-4.1.0&q=80&w=1080,2025-10-12 10:52:05.465853+00
51,wok-de-legumes,Wok de Légumes,11.9,"Mélange de légumes croquants sautés au wok, sauce soja-gingembre, nouilles chinoises et graines de sésame. Option tofu ou poulet.",Pâtes,119,371,22,false,false,true,Gluten;Lactose,true,https://images.unsplash.com/photo-1511688878353-3a2f5be94cd7?crop=entropy&cs=tinysrgb&fit=max&fm=jpg&ixid=M3w4MTM5MDN8MHwxfHNlYXJjaHwyMXx8Zm9vZHxlbnwwfHx8fDE3NTk5NDU5Mzh8MA&ixlib=rb-4.1.0&q=80&w=1080,2025-10-12 10:52:05.465853+00
52,cote-de-buf,Côte de Bœuf,38.9,"Côte de bœuf maturée 800g à partager, grillée à la perfection. Accompagnée de frites maison, salade et sauce au choix.",Pizza,82,306,29,true,false,false,Crustacés;Fruits à coque,true,https://images.unsplash.com/photo-1490818387583-1baba5e638af?crop=entropy&cs=tinysrgb&fit=max&fm=jpg&ixid=M3w4MTM5MDN8MHwxfHNlYXJjaHwyMnx8Zm9vZHxlbnwwfHx8fDE3NTk5NDU5Mzh8MA&ixlib=rb-4.1.0&q=80&w=1080,2025-10-12 10:52:05.465853+00
53,tortilla-espagnole,Tortilla Espagnole,9.5,"Omelette épaisse aux pommes de terre, oignons doux et œufs frais. Servie tiède avec aïoli et salade de tomates.",Accompagnement,94,248,17,false,false,false,Moutarde;Œufs,true,https://images.unsplash.com/photo-1485963631004-f2f00b1d6606?crop=entropy&cs=tinysrgb&fit=max&fm=jpg&ixid=M3w4MTM5MDN8MHwxfHNlYXJjaHwyM3x8Zm9vZHxlbnwwfHx8fDE3NTk5NDU5Mzh8MA&ixlib=rb-4.1.0&q=80&w=1080,2025-10-12 10:52:05.465853+00
54,pizza-saumon-fume,Pizza Saumon Fumé,16.5,"Base crème fraîche, saumon fumé, mozzarella, aneth, câpres, oignons rouges et zeste de citron. Garnie après cuisson.",Burger,85,574,16,false,false,false,Céleri;Sésame,true,https://images.unsplash.com/photo-1432139509613-5c4255815697?crop=entropy&cs=tinysrgb&fit=max&fm=jpg&ixid=M3w4MTM5MDN8MHwxfHNlYXJjaHwyNHx8Zm9vZHxlbnwwfHx8fDE3NTk5NDU5Mzh8MA&ixlib=rb-4.1.0&q=80&w=1080,2025-10-12 10:52:05.465853+00
55,burger-vegetalien,Burger Végétalien,14.5,"Steak végétal aux protéines de soja, avocat, tomates, salade, oignons rouges et sauce vegan au curry. Pain complet bio.",Entrée,111,646,28,false,false,true,Fruits à coque,true,https://images.unsplash.com/photo-1466637574441-749b8f19452f?crop=entropy&cs=tinysrgb&fit=max&fm=jpg&ixid=M3w4MTM5MDN8MHwxfHNlYXJjaHwyNXx8Zm9vZHxlbnwwfHx8fDE3NTk5NDU5Mzh8MA&ixlib=rb-4.1.0&q=80&w=1080,2025-10-12 10:52:05.465853+00
56,soupe-miso,Soupe Miso,5.9,"Bouillon japonais traditionnel au miso, tofu soyeux, algues wakamé, oignons verts et champignons shiitake. Léger et réconfortant.",Boisson,89,634,14,false,false,false,Fruits à coque;Sésame,true,https://images.unsplash.com/photo-1493770348161-369560ae357d?crop=entropy&cs=tinysrgb&fit=max&fm=jpg&ixid=M3w4MTM5MDN8MHwxfHNlYXJjaHwyNnx8Zm9vZHxlbnwwfHx8fDE3NTk5NDU5Mzh8MA&ixlib=rb-4.1.0&q=80&w=1080,2025-10-12 10:52:05.465853+00
57,escalope-milanaise,Escalope Milanaise,17.5,"Escalope de veau panée à l'italienne, sauce tomate basilic, spaghetti al dente et parmesan râpé. Classique généreux.",Burger,119,587,28,true,false,false,,true,https://images.unsplash.com/photo-1414235077428-338989a2e8c0?crop=entropy&cs=tinysrgb&fit=max&fm=jpg&ixid=M3w4MTM5MDN8MHwxfHNlYXJjaHwyN3x8Zm9vZHxlbnwwfHx8fDE3NTk5NDU5Mzh8MA&ixlib=rb-4.1.0&q=80&w=1080,2025-10-12 10:52:05.465853+00
58,tacos-veggie,Tacos Veggie,9.5,"Galette garnie de falafels croustillants, frites, cheddar fondu, sauce blanche et sauce algérienne. Gratiné à la plancha.",Boisson,90,759,22,true,false,false,,true,https://images.unsplash.com/photo-1447078806655-40579c2520d6?crop=entropy&cs=tinysrgb&fit=max&fm=jpg&ixid=M3w4MTM5MDN8MHwxfHNlYXJjaHwyOHx8Zm9vZHxlbnwwfHx8fDE3NTk5NDU5Mzh8MA&ixlib=rb-4.1.0&q=80&w=1080,2025-10-12 10:52:05.465853+00
59,pave-de-saumon,Pavé de Saumon,20.9,"Saumon grillé avec la peau croustillante, purée de patate douce, épinards frais sautés au beurre et sauce beurre blanc citronnée.",Plat principal,115,474,11,false,false,true,Gluten;Lactose,true,https://images.unsplash.com/photo-1496116218417-1a781b1c416c?crop=entropy&cs=tinysrgb&fit=max&fm=jpg&ixid=M3w4MTM5MDN8MHwxfHNlYXJjaHwyOXx8Zm9vZHxlbnwwfHx8fDE3NTk5NDU5Mzh8MA&ixlib=rb-4.1.0&q=80&w=1080,2025-10-12 10:52:05.465853+00
60,pizza-chorizo,Pizza Chorizo,13.5,"Base sauce tomate épicée, mozzarella, chorizo piquant, poivrons rouges grillés, oignons rouges et origan.",Dessert,101,273,17,false,false,false,Gluten,false,https://images.unsplash.com/photo-1569718212165-3a8278d5f624?crop=entropy&cs=tinysrgb&fit=max&fm=jpg&ixid=M3w4MTM5MDN8MHwxfHNlYXJjaHwzMHx8Zm9vZHxlbnwwfHx8fDE3NTk5NDU5Mzh8MA&ixlib=rb-4.1.0&q=80&w=1080,2025-10-12 10:52:05.465853+00
61,moules-marinieres,Moules Marinières,16.9,"Moules de bouchot, vin blanc, échalotes, persil et crème fraîche. Servies dans leur cocotte avec frites maison croustillantes.",Pâtes,95,254,12,false,false,false,,true,https://images.unsplash.com/photo-1519708227418-c8fd9a32b7a2?crop=entropy&cs=tinysrgb&fit=max&fm=jpg&ixid=M3w4MTM5MDN8MHwxfHNlYXJjaHwxfHxtZWFsfGVufDB8fHx8MTc1OTk0NTkwNHww&ixlib=rb-4.1.0&q=80&w=1080,2025-10-12 10:52:05.465853+00
62,salade-poke-quinoa,Salade Poke Quinoa,14.5,"Quinoa tricolore, saumon mariné, avocat, edamame, chou rouge, carottes râpées, graines et vinaigrette sésame-gingembre.",Entrée,85,426,16,false,false,false,Poisson,true,https://images.unsplash.com/photo-1564436872-f6d81182df12?crop=entropy&cs=tinysrgb&fit=max&fm=jpg&ixid=M3w4MTM5MDN8MHwxfHNlYXJjaHwyfHxtZWFsfGVufDB8fHx8MTc1OTk0NTkwNHww&ixlib=rb-4.1.0&q=80&w=1080,2025-10-12 10:52:05.465853+00
63,burger-chicken,Burger Chicken,12.5,"Filet de poulet pané croustillant, bacon, cheddar, salade iceberg, tomates et sauce barbecue fumée. Pain aux graines.",Boisson,87,595,29,false,false,true,,true,https://images.unsplash.com/photo-1484980972926-edee96e0960d?crop=entropy&cs=tinysrgb&fit=max&fm=jpg&ixid=M3w4MTM5MDN8MHwxfHNlYXJjaHwzfHxtZWFsfGVufDB8fHx8MTc1OTk0NTkwNHww&ixlib=rb-4.1.0&q=80&w=1080,2025-10-12 10:52:05.465853+00
64,lasagnes-vegetariennes,Lasagnes Végétariennes,13.5,"Pâtes fraîches, aubergines grillées, courgettes, épinards, ricotta, mozzarella et sauce tomate basilic. Gratinées au four.",Accompagnement,91,740,10,false,false,true,Lactose;Crustacés,false,https://images.unsplash.com/photo-1490645935967-10de6ba17061?crop=entropy&cs=tinysrgb&fit=max&fm=jpg&ixid=M3w4MTM5MDN8MHwxfHNlYXJjaHw0fHxtZWFsfGVufDB8fHx8MTc1OTk0NTkwNHww&ixlib=rb-4.1.0&q=80&w=1080,2025-10-12 10:52:05.465853+00
65,pho-bo-vietnamien,Pho Bo Vietnamien,14.9,"Bouillon parfumé à la citronnelle, nouilles de riz, bœuf émincé, germes de soja, basilic thaï, menthe et citron vert.",Plat principal,101,675,18,false,false,false,,true,https://images.unsplash.com/photo-1592417817038-d13fd7342605?crop=entropy&cs=tinysrgb&fit=max&fm=jpg&ixid=M3w4MTM5MDN8MHwxfHNlYXJjaHw1fHxtZWFsfGVufDB8fHx8MTc1OTk0NTkwNHww&ixlib=rb-4.1.0&q=80&w=1080,2025-10-12 10:52:05.465853+00
66,planche-de-fromages,Planche de Fromages,16.5,"Sélection de 5 fromages français affinés : comté, camembert, roquefort, chèvre cendré et tomme. Accompagnée de confiture et pain.",Burger,120,598,16,false,false,false,Œufs;Soja,true,https://images.unsplash.com/photo-1574484284002-952d92456975?crop=entropy&cs=tinysrgb&fit=max&fm=jpg&ixid=M3w4MTM5MDN8MHwxfHNlYXJjaHw2fHxtZWFsfGVufDB8fHx8MTc1OTk0NTkwNHww&ixlib=rb-4.1.0&q=80&w=1080,2025-10-12 10:52:05.465853+00
67,carpaccio-de-buf,Carpaccio de Bœuf,17.9,"Fines tranches de bœuf cru, copeaux de parmesan, roquette, pignons de pin torréfiés, huile d'olive et citron.",Plat principal,108,207,13,false,false,false,,true,https://images.unsplash.com/photo-1600335895229-6e75511892c8?crop=entropy&cs=tinysrgb&fit=max&fm=jpg&ixid=M3w4MTM5MDN8MHwxfHNlYXJjaHw3fHxtZWFsfGVufDB8fHx8MTc1OTk0NTkwNHww&ixlib=rb-4.1.0&q=80&w=1080,2025-10-12 10:52:05.465853+00
68,pizza-hawaienne,Pizza Hawaïenne,12.9,"Base sauce tomate, mozzarella, jambon blanc, ananas frais et origan. Le classique sucré-salé qui divise.",Dessert,113,237,13,false,false,false,Œufs;Fruits à coque,true,https://images.unsplash.com/photo-1564671165093-20688ff1fffa?crop=entropy&cs=tinysrgb&fit=max&fm=jpg&ixid=M3w4MTM5MDN8MHwxfHNlYXJjaHw4fHxtZWFsfGVufDB8fHx8MTc1OTk0NTkwNHww&ixlib=rb-4.1.0&q=80&w=1080,2025-10-12 10:52:05.465853+00
69,poke-bowl-vegetarien,Poké Bowl Végétarien,13.9,"Riz sushi, tofu mariné, avocat, edamame, chou rouge, concombre, mangue, graines et sauce soja-sésame.",Burger,112,349,27,true,true,true,Céleri;Œufs,true,https://images.unsplash.com/photo-1572424117831-005b5e9b3ae4?crop=entropy&cs=tinysrgb&fit=max&fm=jpg&ixid=M3w4MTM5MDN8MHwxfHNlYXJjaHw5fHxtZWFsfGVufDB8fHx8MTc1OTk0NTkwNHww&ixlib=rb-4.1.0&q=80&w=1080,2025-10-12 10:52:05.465853+00
70,bavette-a-lechalote,Bavette à l'Échalote,18.5,"Bavette de bœuf grillée saignante, sauce échalotes confites au vin rouge, frites maison et salade verte.",Pizza,102,739,11,false,false,false,Poisson,true,https://images.unsplash.com/photo-1608835291093-394b0c943a75?crop=entropy&cs=tinysrgb&fit=max&fm=jpg&ixid=M3w4MTM5MDN8MHwxfHNlYXJjaHwxMHx8bWVhbHxlbnwwfHx8fDE3NTk5NDU5MDR8MA&ixlib=rb-4.1.0&q=80&w=1080,2025-10-12 10:52:05.465853+00
71,bruschetta-tomate-basilic,Bruschetta Tomate Basilic,8.9,"Pain de campagne grillé, tomates fraîches marinées à l'ail, basilic, huile d'olive extra vierge et parmesan. Entrée italienne.",Salade,91,734,20,false,false,false,Fruits à coque,true,https://images.unsplash.com/photo-1576867757603-05b134ebc379?crop=entropy&cs=tinysrgb&fit=max&fm=jpg&ixid=M3w4MTM5MDN8MHwxfHNlYXJjaHwxMXx8bWVhbHxlbnwwfHx8fDE3NTk5NDU5MDR8MA&ixlib=rb-4.1.0&q=80&w=1080,2025-10-12 10:52:05.465853+00
72,burger-raclette,Burger Raclette,16.5,"Steak 180g, raclette fondue généreuse, bacon, pommes de terre sautées, oignons caramélisés et cornichons. Pain brioché.",Entrée,104,775,12,false,false,false,,true,https://images.unsplash.com/photo-1523218345414-cd47aea19ba6?crop=entropy&cs=tinysrgb&fit=max&fm=jpg&ixid=M3w4MTM5MDN8MHwxfHNlYXJjaHwxMnx8bWVhbHxlbnwwfHx8fDE3NTk5NDU5MDR8MA&ixlib=rb-4.1.0&q=80&w=1080,2025-10-12 10:52:05.465853+00
73,risotto-aux-gambas,Risotto aux Gambas,21.9,"Riz carnaroli crémeux, gambas rôties, bisque de homard, tomates cerises, safran, parmesan et persil plat.",Pâtes,110,392,17,false,false,true,,true,https://images.unsplash.com/photo-1517244683847-7456b63c5969?crop=entropy&cs=tinysrgb&fit=max&fm=jpg&ixid=M3w4MTM5MDN8MHwxfHNlYXJjaHwxM3x8bWVhbHxlbnwwfHx8fDE3NTk5NDU5MDR8MA&ixlib=rb-4.1.0&q=80&w=1080,2025-10-12 10:52:05.465853+00
74,crepe-complete,Crêpe Complète,11.5,"Galette de sarrasin, jambon de pays, œuf au plat, emmental râpé et beurre salé. Spécialité bretonne authentique.",Plat principal,93,249,14,true,true,true,Moutarde;Lactose,true,https://images.unsplash.com/photo-1489391013510-49401c8a3b6c?crop=entropy&cs=tinysrgb&fit=max&fm=jpg&ixid=M3w4MTM5MDN8MHwxfHNlYXJjaHwxNHx8bWVhbHxlbnwwfHx8fDE3NTk5NDU5MDR8MA&ixlib=rb-4.1.0&q=80&w=1080,2025-10-12 10:52:05.465853+00
75,salade-burrata,Salade Burrata,15.9,"Burrata crémeuse, tomates multicolores, roquette, pesto de basilic, pignons de pin et huile d'olive italienne.",Accompagnement,94,468,25,false,false,false,,true,https://images.unsplash.com/photo-1600289031464-74d374b64991?crop=entropy&cs=tinysrgb&fit=max&fm=jpg&ixid=M3w4MTM5MDN8MHwxfHNlYXJjaHwxNXx8bWVhbHxlbnwwfHx8fDE3NTk5NDU5MDR8MA&ixlib=rb-4.1.0&q=80&w=1080,2025-10-12 10:52:05.465853+00
76,pizza-vegane,Pizza Végane,13.9,"Base sauce tomate, fromage végétal, légumes grillés de saison, olives noires, roquette et pesto végétal.",Plat principal,81,756,10,false,false,false,,false,https://images.unsplash.com/photo-1497888329096-51c27beff665?crop=entropy&cs=tinysrgb&fit=max&fm=jpg&ixid=M3w4MTM5MDN8MHwxfHNlYXJjaHwxNnx8bWVhbHxlbnwwfHx8fDE3NTk5NDU5MDR8MA&ixlib=rb-4.1.0&q=80&w=1080,2025-10-12 10:52:05.465853+00
77,spring-rolls-vegetariens,Spring Rolls Végétariens,8.9,"6 rouleaux de printemps frais, vermicelles de riz, légumes croquants, menthe et coriandre. Enroulés dans galette de riz, sauce cacahuète.",Dessert,97,228,14,false,false,true,Œufs,true,https://images.unsplash.com/photo-1588166524941-3bf61a9c41db?crop=entropy&cs=tinysrgb&fit=max&fm=jpg&ixid=M3w4MTM5MDN8MHwxfHNlYXJjaHwxN3x8bWVhbHxlbnwwfHx8fDE3NTk5NDU5MDR8MA&ixlib=rb-4.1.0&q=80&w=1080,2025-10-12 10:52:05.465853+00
78,tacos-viande-hachee,Tacos Viande Hachée,10.5,"Galette généreuse, viande hachée épicée, frites croustillantes, cheddar fondu, sauce samouraï et sauce blanche. Gratiné parfaitement.",Boisson,107,384,28,false,false,false,Gluten,false,https://images.unsplash.com/photo-1555126634-323283e090fa?crop=entropy&cs=tinysrgb&fit=max&fm=jpg&ixid=M3w4MTM5MDN8MHwxfHNlYXJjaHwxOHx8bWVhbHxlbnwwfHx8fDE3NTk5NDU5MDR8MA&ixlib=rb-4.1.0&q=80&w=1080,2025-10-12 10:52:05.465853+00
79,salade-de-quinoa,Salade de Quinoa,12.9,"Quinoa bio, avocat, tomates cerises, concombre, feta, grenade, menthe fraîche et vinaigrette citron-huile d'olive.",Burger,82,632,26,true,false,true,Gluten,true,https://images.unsplash.com/photo-1547573854-74d2a71d0826?crop=entropy&cs=tinysrgb&fit=max&fm=jpg&ixid=M3w4MTM5MDN8MHwxfHNlYXJjaHwxOXx8bWVhbHxlbnwwfHx8fDE3NTk5NDU5MDR8MA&ixlib=rb-4.1.0&q=80&w=1080,2025-10-12 10:52:05.465853+00
80,burger-bbq-pulled-pork,Burger BBQ Pulled Pork,15.5,"Effiloché de porc mijoté 8h sauce barbecue, coleslaw croquant, oignons frits, cheddar et cornichons. Pain brioché grillé.",Plat principal,112,520,16,true,false,false,Sésame,true,https://images.unsplash.com/photo-1611599537845-1c7aca0091c0?crop=entropy&cs=tinysrgb&fit=max&fm=jpg&ixid=M3w4MTM5MDN8MHwxfHNlYXJjaHwyMHx8bWVhbHxlbnwwfHx8fDE3NTk5NDU5MDR8MA&ixlib=rb-4.1.0&q=80&w=1080,2025-10-12 10:52:05.465853+00
81,pizza-paysanne,Pizza Paysanne,14.5,"Base crème fraîche, mozzarella, pommes de terre fines, lardons fumés, reblochon fondu, oignons et romarin. Savoyarde gourmande.",Pizza,112,258,13,true,false,false,Soja;Gluten,true,https://images.unsplash.com/photo-1494859802809-d069c3b71a8a?crop=entropy&cs=tinysrgb&fit=max&fm=jpg&ixid=M3w4MTM5MDN8MHwxfHNlYXJjaHwyMXx8bWVhbHxlbnwwfHx8fDE3NTk5NDU5MDR8MA&ixlib=rb-4.1.0&q=80&w=1080,2025-10-12 10:52:05.465853+00
82,pave-de-cabillaud,Pavé de Cabillaud,19.9,"Cabillaud rôti au four, écrasé de pommes de terre à l'huile d'olive, fondue de poireaux et sauce vierge aux herbes.",Entrée,82,682,14,true,false,false,,true,https://images.unsplash.com/photo-1511690656952-34342bb7c2f2?crop=entropy&cs=tinysrgb&fit=max&fm=jpg&ixid=M3w4MTM5MDN8MHwxfHNlYXJjaHwyMnx8bWVhbHxlbnwwfHx8fDE3NTk5NDU5MDR8MA&ixlib=rb-4.1.0&q=80&w=1080,2025-10-12 10:52:05.465853+00
83,bibimbap-coreen,Bibimbap Coréen,14.9,"Bol de riz chaud, bœuf mariné, légumes sautés colorés, œuf au plat, kimchi fermenté et sauce gochujang piquante.",Burger,116,507,24,false,false,false,,true,https://images.unsplash.com/photo-1598532213919-078e54dd1f40?crop=entropy&cs=tinysrgb&fit=max&fm=jpg&ixid=M3w4MTM5MDN8MHwxfHNlYXJjaHwyM3x8bWVhbHxlbnwwfHx8fDE3NTk5NDU5MDR8MA&ixlib=rb-4.1.0&q=80&w=1080,2025-10-12 10:52:05.465853+00
84,churros,Churros,6.9,6 churros espagnols croustillants saupoudrés de sucre et cannelle. Servis avec sauce au chocolat noir chaud pour tremper.,Salade,91,277,26,false,false,false,Gluten;Œufs,true,https://images.unsplash.com/photo-1636475735446-bfc801fa6f2c?crop=entropy&cs=tinysrgb&fit=max&fm=jpg&ixid=M3w4MTM5MDN8MHwxfHNlYXJjaHwyNHx8bWVhbHxlbnwwfHx8fDE3NTk5NDU5MDR8MA&ixlib=rb-4.1.0&q=80&w=1080,2025-10-12 10:52:05.465853+00
85,tiramisu-maison,Tiramisu Maison,7.5,"Biscuits imbibés de café corsé, crème mascarpone légère, cacao amer saupoudré. Recette italienne traditionnelle, texture aérienne.",Pâtes,85,362,28,false,false,false,Céleri,true,https://images.unsplash.com/photo-1473093295043-cdd812d0e601?crop=entropy&cs=tinysrgb&fit=max&fm=jpg&ixid=M3w4MTM5MDN8MHwxfHNlYXJjaHwyNXx8bWVhbHxlbnwwfHx8fDE3NTk5NDU5MDR8MA&ixlib=rb-4.1.0&q=80&w=1080,2025-10-12 10:52:05.465853+00
86,fondant-au-chocolat,Fondant au Chocolat,8.5,"Gâteau au chocolat noir 70% à cœur coulant, servie tiède avec boule de glace vanille bourbon et coulis de fruits rouges.",Salade,107,262,12,true,false,false,,false,https://images.unsplash.com/photo-1592417817098-8fd3d9eb14a5?crop=entropy&cs=tinysrgb&fit=max&fm=jpg&ixid=M3w4MTM5MDN8MHwxfHNlYXJjaHwyNnx8bWVhbHxlbnwwfHx8fDE3NTk5NDU5MDR8MA&ixlib=rb-4.1.0&q=80&w=1080,2025-10-12 10:52:05.465853+00
87,creme-brulee,Crème Brûlée,7.9,"Crème onctueuse à la vanille de Madagascar, caramélisée au chalumeau pour obtenir une croûte craquante. Dessert incontournable.",Dessert,89,216,14,true,true,false,Soja;Poisson,false,https://images.unsplash.com/photo-1556909114-a1d34f47412c?crop=entropy&cs=tinysrgb&fit=max&fm=jpg&ixid=M3w4MTM5MDN8MHwxfHNlYXJjaHwyN3x8bWVhbHxlbnwwfHx8fDE3NTk5NDU5MDR8MA&ixlib=rb-4.1.0&q=80&w=1080,2025-10-12 10:52:05.465853+00
88,tarte-tatin,Tarte Tatin,8.9,"Pommes caramélisées au beurre salé et sucre, pâte feuilletée croustillante. Servie tiède avec crème fraîche épaisse ou glace vanille.",Pâtes,115,251,15,false,false,true,,true,https://images.unsplash.com/photo-1594998893017-36147cbcae05?crop=entropy&cs=tinysrgb&fit=max&fm=jpg&ixid=M3w4MTM5MDN8MHwxfHNlYXJjaHwyOHx8bWVhbHxlbnwwfHx8fDE3NTk5NDU5MDR8MA&ixlib=rb-4.1.0&q=80&w=1080,2025-10-12 10:52:05.465853+00
89,cheesecake-new-york,Cheesecake New York,8.5,"Cheesecake crémeux au fromage frais, base sablée aux spéculoos, coulis de fruits rouges acidulé. Onctuosité parfaite.",Pizza,120,238,16,true,false,false,,false,https://images.unsplash.com/photo-1533777857889-4be7c70b33f7?crop=entropy&cs=tinysrgb&fit=max&fm=jpg&ixid=M3w4MTM5MDN8MHwxfHNlYXJjaHwyOXx8bWVhbHxlbnwwfHx8fDE3NTk5NDU5MDR8MA&ixlib=rb-4.1.0&q=80&w=1080,2025-10-12 10:52:05.465853+00
90,profiteroles,Profiteroles,9.5,"Choux garnis de glace vanille, nappés de sauce au chocolat chaud, chantilly maison et éclats d'amandes grillées.",Dessert,105,592,12,false,false,false,Gluten;Céleri,true,https://images.unsplash.com/photo-1516213335993-159eca2981af?crop=entropy&cs=tinysrgb&fit=max&fm=jpg&ixid=M3w4MTM5MDN8MHwxfHNlYXJjaHwzMHx8bWVhbHxlbnwwfHx8fDE3NTk5NDU5MDR8MA&ixlib=rb-4.1.0&q=80&w=1080,2025-10-12 10:52:05.465853+00
91,panna-cotta,Panna Cotta,7.5,"Crème italienne délicate à la vanille, texture soyeuse et tremblotante. Accompagnée d'un coulis de fruits de saison.",Pâtes,93,340,11,false,false,false,Soja,true,https://images.unsplash.com/photo-1482049016688-2d3e1b311543?crop=entropy&cs=tinysrgb&fit=max&fm=jpg&ixid=M3w4MTM5MDN8MHwxfHNlYXJjaHwxfHxmb29kfGVufDB8fHx8MTc1OTk0NTkzOHww&ixlib=rb-4.1.0&q=80&w=1080,2025-10-12 10:52:05.465853+00
92,tarte-au-citron-meringuee,Tarte au Citron Meringuée,8.9,"Pâte sablée croustillante, crème au citron acidulée, meringue italienne dorée au chalumeau. Équilibre sucré-acidulé parfait.",Plat principal,115,615,13,true,true,false,Gluten,true,https://images.unsplash.com/photo-1546069901-ba9599a7e63c?crop=entropy&cs=tinysrgb&fit=max&fm=jpg&ixid=M3w4MTM5MDN8MHwxfHNlYXJjaHwyfHxmb29kfGVufDB8fHx8MTc1OTk0NTkzOHww&ixlib=rb-4.1.0&q=80&w=1080,2025-10-12 10:52:05.465853+00
93,mousse-au-chocolat,Mousse au Chocolat,6.9,"Mousse légère et aérienne au chocolat noir intense, chantilly vanille et copeaux de chocolat. Classique réconfortant.",Plat principal,99,698,24,false,false,true,Œufs,true,https://images.unsplash.com/photo-1565299624946-b28f40a0ae38?crop=entropy&cs=tinysrgb&fit=max&fm=jpg&ixid=M3w4MTM5MDN8MHwxfHNlYXJjaHwzfHxmb29kfGVufDB8fHx8MTc1OTk0NTkzOHww&ixlib=rb-4.1.0&q=80&w=1080,2025-10-12 10:52:05.465853+00
94,cafe-gourmand,Café Gourmand,9.9,"Espresso italien accompagné d'une trilogie de mini-desserts : brownie, crème brûlée et macaron. Parfait pour finir en douceur.",Entrée,117,498,22,true,false,false,Œufs;Moutarde,true,https://images.unsplash.com/photo-1555939594-58d7cb561ad1?crop=entropy&cs=tinysrgb&fit=max&fm=jpg&ixid=M3w4MTM5MDN8MHwxfHNlYXJjaHw0fHxmb29kfGVufDB8fHx8MTc1OTk0NTkzOHww&ixlib=rb-4.1.0&q=80&w=1080,2025-10-12 10:52:05.465853+00
95,brownie-chocolat-noix,Brownie Chocolat Noix,7.5,"Brownie fondant au chocolat noir, noix de pécan croquantes, servie tiède avec glace vanille et caramel au beurre salé.",Pizza,89,496,29,false,false,true,Gluten,true,https://images.unsplash.com/photo-1504674900247-0877df9cc836?crop=entropy&cs=tinysrgb&fit=max&fm=jpg&ixid=M3w4MTM5MDN8MHwxfHNlYXJjaHw1fHxmb29kfGVufDB8fHx8MTc1OTk0NTkzOHww&ixlib=rb-4.1.0&q=80&w=1080,2025-10-12 10:52:05.465853+00
96,crepe-sucre,Crêpe Sucre,5.5,"Crêpe fine bretonne au froment, saupoudrée de sucre cristallisé et beurre demi-sel. Simplicité gourmande garantie.",Pizza,104,731,14,false,false,false,,true,https://images.unsplash.com/photo-1512621776951-a57141f2eefd?crop=entropy&cs=tinysrgb&fit=max&fm=jpg&ixid=M3w4MTM5MDN8MHwxfHNlYXJjaHw2fHxmb29kfGVufDB8fHx8MTc1OTk0NTkzOHww&ixlib=rb-4.1.0&q=80&w=1080,2025-10-12 10:52:05.465853+00
97,crepe-nutella-banane,Crêpe Nutella Banane,7.9,"Crêpe généreuse garnie de Nutella fondant, tranches de banane fraîche, chantilly maison et éclats de noisettes.",Accompagnement,89,298,21,false,false,true,,true,https://images.unsplash.com/photo-1511690656952-34342bb7c2f2?crop=entropy&cs=tinysrgb&fit=max&fm=jpg&ixid=M3w4MTM5MDN8MHwxfHNlYXJjaHw3fHxmb29kfGVufDB8fHx8MTc1OTk0NTkzOHww&ixlib=rb-4.1.0&q=80&w=1080,2025-10-12 10:52:05.465853+00
98,glace-artisanale-3-boules,Glace Artisanale 3 Boules,6.5,"Trio de glaces artisanales au choix : vanille bourbon, chocolat intense, fraise, pistache, caramel beurre salé ou fruits de saison.",Dessert,105,750,26,false,false,false,,true,https://images.unsplash.com/photo-1473093295043-cdd812d0e601?crop=entropy&cs=tinysrgb&fit=max&fm=jpg&ixid=M3w4MTM5MDN8MHwxfHNlYXJjaHw4fHxmb29kfGVufDB8fHx8MTc1OTk0NTkzOHww&ixlib=rb-4.1.0&q=80&w=1080,2025-10-12 10:52:05.465853+00
99,salade-de-fruits-frais,Salade de Fruits Frais,6.9,"Assortiment de fruits de saison coupés minute : ananas, kiwi, fraises, mangue, melon et raisin. Menthe fraîche et sirop léger.",Entrée,95,634,19,false,false,false,,true,https://images.unsplash.com/photo-1484723091739-30a097e8f929?crop=entropy&cs=tinysrgb&fit=max&fm=jpg&ixid=M3w4MTM5MDN8MHwxfHNlYXJjaHw5fHxmb29kfGVufDB8fHx8MTc1OTk0NTkzOHww&ixlib=rb-4.1.0&q=80&w=1080,2025-10-12 10:52:05.465853+00
100,millefeuille-vanille,Millefeuille Vanille,8.9,"Feuilletage croustillant caramélisé, crème pâtissière vanille onctueuse, glaçage fondant. Pâtisserie française classique et raffinée.",Accompagnement,116,254,24,true,true,false,Œufs,true,https://images.unsplash.com/photo-1498837167922-ddd27525d352?crop=entropy&cs=tinysrgb&fit=max&fm=jpg&ixid=M3w4MTM5MDN8MHwxfHNlYXJjaHwxMHx8Zm9vZHxlbnwwfHx8fDE3NTk5NDU5Mzh8MA&ixlib=rb-4.1.0&q=80&w=1080,2025-10-12 10:52:05.465853+00
102,risotto-cremeux-aux-champignons-sauvages,Risotto Crémeux aux Champignons Sauvages,14.5,"Un risotto onctueux préparé avec du riz Arborio, des champignons sauvages et une touche de parmesan, pour une expérience gourmande et réconfortante.",Plat principal,97,620,35,true,true,false,Lactose;Gluten,true,https://plus.unsplash.com/premium_photo-1694850980302-f568e6de0f6d?fm=jpg&ixid=M3wxMjA3fDB8MHxzZWFyY2h8MXx8bXVzaHJvb20lMjByaXNvdHRvfGVufDB8fDB8fHww&ixlib=rb-4.1.0&q=60&w=3000,2025-10-27 12:23:02.509089+00
104,tacos-de-saumon-a-la-mangue,Tacos de Saumon à la Mangue,12.9,"Des tacos gourmands garnis de saumon grillé, de salsa à la mangue fraîche et d'une sauce citronnée, le tout servi dans une tortilla de maïs croustillante.",Plat principal,90,540,10,false,true,false,,true,https://images.unsplash.com/photo-1617196034796-73dfa7b1fd56,2025-10-27 13:39:14.045932+00